{
  "means": {
    "D1U1_mean": 150.88042844221897,
    "D1U1_std": 66.47946393259377,
    "D1D2_mean": 119.90436219690635,
    "D1D2_std": 114.66384883796628,
    "U1D2_mean": 119.90436219690635,
    "U1D2_std": 114.66384883796628,
    "Speed_Proxy": 6.627764848791897
  },
  "stds": {
    "D1U1_mean": 66.47946393259377,
    "D1U1_std": 66.47946393259377,
    "D1D2_mean": 114.66384883796628,
    "D1D2_std": 114.66384883796628,
    "U1D2_mean": 114.66384883796628,
    "U1D2_std": 114.66384883796628,
    "Speed_Proxy": 1.9883294546375692
  },
  "calibrated_at": "2026-05-05 12:09"
}